Insert into USERACCOUNT (USERID,FIRSTNAME,MIDDLENAME,LASTNAME,DOB,AGE,EMAIL,HOMETELL,WORKTELL,CELL,ADDRESSLINE,ROAD,CITY,SUBURB,COUNTRY,AREACODE,ACCOUNTPASSWORD,ENABLED) values (20124001,'Devon','Victor','Richards',to_date('26/FEB/92','DD/MON/RR'),null,'devon@yahoo.com','217062651','710711404','733048401','4 stephen place','stephen road','CPT',null,'ZA','7941','ee11cbb19052e40b07aac0ca060c23ee',1);
Insert into USERACCOUNT (USERID,FIRSTNAME,MIDDLENAME,LASTNAME,DOB,AGE,EMAIL,HOMETELL,WORKTELL,CELL,ADDRESSLINE,ROAD,CITY,SUBURB,COUNTRY,AREACODE,ACCOUNTPASSWORD,ENABLED) values (20124002,'Sandy-Lynn',null,'Powan',to_date('22/JUL/91','DD/MON/RR'),null,'sandypowan@yahoo.com','217063475','217052899','731579864','367 3rd Avenue','3rd avenue','CPT',null,'ZA','7945','ee11cbb19052e40b07aac0ca060c23ee',1);
Insert into USERACCOUNT (USERID,FIRSTNAME,MIDDLENAME,LASTNAME,DOB,AGE,EMAIL,HOMETELL,WORKTELL,CELL,ADDRESSLINE,ROAD,CITY,SUBURB,COUNTRY,AREACODE,ACCOUNTPASSWORD,ENABLED) values (20124003,'Donrique','Piere','Bartes',to_date('14/MAR/85','DD/MON/RR'),null,'thedon@yahoo.com','212237448','227777403','768579860','17 north road','north road','JHB',null,'ZA','3976','ee11cbb19052e40b07aac0ca060c23ee',1);
Insert into USERACCOUNT (USERID,FIRSTNAME,MIDDLENAME,LASTNAME,DOB,AGE,EMAIL,HOMETELL,WORKTELL,CELL,ADDRESSLINE,ROAD,CITY,SUBURB,COUNTRY,AREACODE,ACCOUNTPASSWORD,ENABLED) values (20124004,'Ashwyn',null,'Coert',to_date('13/DEC/83','DD/MON/RR'),null,'ashyboy@yahoo.com','212278958','221239403','731579159','44 lowry road','lowry road','PE',null,'ZA','3006','ee11cbb19052e40b07aac0ca060c23ee',1);
Insert into USERACCOUNT (USERID,FIRSTNAME,MIDDLENAME,LASTNAME,DOB,AGE,EMAIL,HOMETELL,WORKTELL,CELL,ADDRESSLINE,ROAD,CITY,SUBURB,COUNTRY,AREACODE,ACCOUNTPASSWORD,ENABLED) values (20124005,'Gabby',null,'Namsong',to_date('28/FEB/72','DD/MON/RR'),null,'gnamsong@yahoo.com','212123458','227894503','731579860','476 vlei road','vlei road','DBN',null,'ZA','5676','ee11cbb19052e40b07aac0ca060c23ee',1);
Insert into USERACCOUNT (USERID,FIRSTNAME,MIDDLENAME,LASTNAME,DOB,AGE,EMAIL,HOMETELL,WORKTELL,CELL,ADDRESSLINE,ROAD,CITY,SUBURB,COUNTRY,AREACODE,ACCOUNTPASSWORD,ENABLED) values (20124006,'Byron','Mario','Southgate',to_date('06/JUN/66','DD/MON/RR'),null,'byronsouthgate@yahoo.com','212444658','225555403','731599960','4 north road','north road','DBN',null,'ZA','6546','ee11cbb19052e40b07aac0ca060c23ee',1);
Insert into USERACCOUNT (USERID,FIRSTNAME,MIDDLENAME,LASTNAME,DOB,AGE,EMAIL,HOMETELL,WORKTELL,CELL,ADDRESSLINE,ROAD,CITY,SUBURB,COUNTRY,AREACODE,ACCOUNTPASSWORD,ENABLED) values (20124007,'Cameron',null,'Powan',to_date('17/NOV/90','DD/MON/RR'),null,'cama@yahoo.com','211234558','226655403','731998460','456 klip road','klip road','CPT',null,'ZA','7945','ee11cbb19052e40b07aac0ca060c23ee',1);
Insert into USERACCOUNT (USERID,FIRSTNAME,MIDDLENAME,LASTNAME,DOB,AGE,EMAIL,HOMETELL,WORKTELL,CELL,ADDRESSLINE,ROAD,CITY,SUBURB,COUNTRY,AREACODE,ACCOUNTPASSWORD,ENABLED) values (20124008,'Jeremy','Jacob','Johnson',to_date('03/APR/67','DD/MON/RR'),null,'jjjohnson@yahoo.com','212347658','278949403','731666660','77 searl road','searl road','PE',null,'ZA','6654','ee11cbb19052e40b07aac0ca060c23ee',1);
Insert into USERACCOUNT (USERID,FIRSTNAME,MIDDLENAME,LASTNAME,DOB,AGE,EMAIL,HOMETELL,WORKTELL,CELL,ADDRESSLINE,ROAD,CITY,SUBURB,COUNTRY,AREACODE,ACCOUNTPASSWORD,ENABLED) values (20124009,'Gloria',null,'Marks',to_date('26/JUL/59','DD/MON/RR'),null,'gloriamarks127@yahoo.com','219967658','221149403','739963860','90 beach road','beach road','CPT',null,'ZA','7962','ee11cbb19052e40b07aac0ca060c23ee',1);
Insert into USERACCOUNT (USERID,FIRSTNAME,MIDDLENAME,LASTNAME,DOB,AGE,EMAIL,HOMETELL,WORKTELL,CELL,ADDRESSLINE,ROAD,CITY,SUBURB,COUNTRY,AREACODE,ACCOUNTPASSWORD,ENABLED) values (20124010,'Alison',null,'Peterson',to_date('07/APR/89','DD/MON/RR'),null,'kirby419@yahoo.com','212236648','221123403','731123840','107 sparrow road','sparrow road','DBN',null,'ZA','3479','ee11cbb19052e40b07aac0ca060c23ee',1);
Insert into USERACCOUNT (USERID,FIRSTNAME,MIDDLENAME,LASTNAME,DOB,AGE,EMAIL,HOMETELL,WORKTELL,CELL,ADDRESSLINE,ROAD,CITY,SUBURB,COUNTRY,AREACODE,ACCOUNTPASSWORD,ENABLED) values (20124011,'Nicole','Crystal','Domingo',to_date('31/DEC/92','DD/MON/RR'),null,'nicoledomingo@yahoo.com','217051238','227801635','733048523','57 raymond road','raymond road','JHB',null,'ZA','7476','ee11cbb19052e40b07aac0ca060c23ee',1);
Insert into USERACCOUNT (USERID,FIRSTNAME,MIDDLENAME,LASTNAME,DOB,AGE,EMAIL,HOMETELL,WORKTELL,CELL,ADDRESSLINE,ROAD,CITY,SUBURB,COUNTRY,AREACODE,ACCOUNTPASSWORD,ENABLED) values (20124012,'Jody',null,'Benjimin',to_date('15/SEP/87','DD/MON/RR'),null,'jodyben@yahoo.com','211023548','229634578','796324568','556 broad road','broad road','PE',null,'ZA','3926','ee11cbb19052e40b07aac0ca060c23ee',1);
Insert into USERACCOUNT (USERID,FIRSTNAME,MIDDLENAME,LASTNAME,DOB,AGE,EMAIL,HOMETELL,WORKTELL,CELL,ADDRESSLINE,ROAD,CITY,SUBURB,COUNTRY,AREACODE,ACCOUNTPASSWORD,ENABLED) values (20124013,'Thomas','Peter','Helsinger',to_date('14/JAN/64','DD/MON/RR'),null,'tphelsinger@gmail.com','217063214','229632144','763214569','25 darling road','darling road','JHB',null,'ZA','3896','ee11cbb19052e40b07aac0ca060c23ee',1);
Insert into USERACCOUNT (USERID,FIRSTNAME,MIDDLENAME,LASTNAME,DOB,AGE,EMAIL,HOMETELL,WORKTELL,CELL,ADDRESSLINE,ROAD,CITY,SUBURB,COUNTRY,AREACODE,ACCOUNTPASSWORD,ENABLED) values (20124014,'Keanan','Densol','George',to_date('08/DEC/90','DD/MON/RR'),null,'babybear@yahoo.com','213201455','229963244','710235489','678 forest road','forest road','CPT',null,'ZA','7966','ee11cbb19052e40b07aac0ca060c23ee',1);
Insert into USERACCOUNT (USERID,FIRSTNAME,MIDDLENAME,LASTNAME,DOB,AGE,EMAIL,HOMETELL,WORKTELL,CELL,ADDRESSLINE,ROAD,CITY,SUBURB,COUNTRY,AREACODE,ACCOUNTPASSWORD,ENABLED) values (20124015,'Kurt',null,'Appolis',to_date('27/AUG/90','DD/MON/RR'),null,'kurtapples@yahoo.com','219635541','226320145','763304597','79 gear road','gear road','CPT',null,'ZA','9676','ee11cbb19052e40b07aac0ca060c23ee',1);
Insert into USERACCOUNT (USERID,FIRSTNAME,MIDDLENAME,LASTNAME,DOB,AGE,EMAIL,HOMETELL,WORKTELL,CELL,ADDRESSLINE,ROAD,CITY,SUBURB,COUNTRY,AREACODE,ACCOUNTPASSWORD,ENABLED) values (20124016,'Dwayne',null,'Peterson',to_date('02/SEP/90','DD/MON/RR'),null,'dpeterson133@gmail.com','215566493','212632758','839924767','8 newbury close','Newbury close','CPT',null,'ZA','3476','ee11cbb19052e40b07aac0ca060c23ee',1);
Insert into USERACCOUNT (USERID,FIRSTNAME,MIDDLENAME,LASTNAME,DOB,AGE,EMAIL,HOMETELL,WORKTELL,CELL,ADDRESSLINE,ROAD,CITY,SUBURB,COUNTRY,AREACODE,ACCOUNTPASSWORD,ENABLED) values (20124017,'Matthew','Justin','Skippers',to_date('05/APR/92','DD/MON/RR'),null,'M.Skippers@gmail.com','215536298','216655394','715425253','6 Gie road','Gie road','DBN',null,'ZA','3476','ee11cbb19052e40b07aac0ca060c23ee',1);
Insert into USERACCOUNT (USERID,FIRSTNAME,MIDDLENAME,LASTNAME,DOB,AGE,EMAIL,HOMETELL,WORKTELL,CELL,ADDRESSLINE,ROAD,CITY,SUBURB,COUNTRY,AREACODE,ACCOUNTPASSWORD,ENABLED) values (20124018,'Jonathon',null,'Jones',to_date('21/JUN/79','DD/MON/RR'),null,'JJ@yahoo.com','212237658','225485565','736548125','5 Hamilton close','Hamilton close','JHB',null,'ZA','3476','ee11cbb19052e40b07aac0ca060c23ee',1);
Insert into USERACCOUNT (USERID,FIRSTNAME,MIDDLENAME,LASTNAME,DOB,AGE,EMAIL,HOMETELL,WORKTELL,CELL,ADDRESSLINE,ROAD,CITY,SUBURB,COUNTRY,AREACODE,ACCOUNTPASSWORD,ENABLED) values (20124019,'Wesley','Llewelyn','Botha',to_date('28/FEB/70','DD/MON/RR'),null,'Weazelbee@Tiscali.co.za','221577849','217754628','785126843','12 Koeberg Road','Koeberg Road','PTA',null,'ZA','3476','ee11cbb19052e40b07aac0ca060c23ee',1);
Insert into USERACCOUNT (USERID,FIRSTNAME,MIDDLENAME,LASTNAME,DOB,AGE,EMAIL,HOMETELL,WORKTELL,CELL,ADDRESSLINE,ROAD,CITY,SUBURB,COUNTRY,AREACODE,ACCOUNTPASSWORD,ENABLED) values (20124020,'Kristal','Leonie','Du Toit',to_date('15/SEP/80','DD/MON/RR'),null,'Kristaldt@yahoo.com','214455895','215431436','832564789','3 kuil road','kuil road','PE',null,'ZA','3476','ee11cbb19052e40b07aac0ca060c23ee',1);
Insert into USERACCOUNT (USERID,FIRSTNAME,MIDDLENAME,LASTNAME,DOB,AGE,EMAIL,HOMETELL,WORKTELL,CELL,ADDRESSLINE,ROAD,CITY,SUBURB,COUNTRY,AREACODE,ACCOUNTPASSWORD,ENABLED) values (20124021,'Shannon',null,'Wessels',to_date('10/AUG/85','DD/MON/RR'),null,'Shans@hotmail.com','229458652','212237658','725418569','6 Akron drive','Akron drive','CPT',null,'ZA','3476','ee11cbb19052e40b07aac0ca060c23ee',1);
Insert into USERACCOUNT (USERID,FIRSTNAME,MIDDLENAME,LASTNAME,DOB,AGE,EMAIL,HOMETELL,WORKTELL,CELL,ADDRESSLINE,ROAD,CITY,SUBURB,COUNTRY,AREACODE,ACCOUNTPASSWORD,ENABLED) values (20124022,'Samantha','Maggy','Aitkin',to_date('12/JUN/87','DD/MON/RR'),null,'Saitkin@mweb.co.za','216222925','221577849','732658941','10 Parkwood drive','Parkwood drive','PTA',null,'ZA','3476','ee11cbb19052e40b07aac0ca060c23ee',1);
Insert into USERACCOUNT (USERID,FIRSTNAME,MIDDLENAME,LASTNAME,DOB,AGE,EMAIL,HOMETELL,WORKTELL,CELL,ADDRESSLINE,ROAD,CITY,SUBURB,COUNTRY,AREACODE,ACCOUNTPASSWORD,ENABLED) values (20124023,'Zac',null,'Blazic',to_date('15/APR/93','DD/MON/RR'),null,'Ziddy@yahoo.com','214354161','224113269','732525148','65 wooddrive road','wooddrive road','PTA',null,'ZA','3476','ee11cbb19052e40b07aac0ca060c23ee',1);
Insert into USERACCOUNT (USERID,FIRSTNAME,MIDDLENAME,LASTNAME,DOB,AGE,EMAIL,HOMETELL,WORKTELL,CELL,ADDRESSLINE,ROAD,CITY,SUBURB,COUNTRY,AREACODE,ACCOUNTPASSWORD,ENABLED) values (20124024,'Gareth','Ray','Conry',to_date('24/MAR/80','DD/MON/RR'),null,'Gman@gmail.com','212237658','215431436','832659874','7 Parkmews close','Parkmews close','CPT',null,'ZA','3476','ee11cbb19052e40b07aac0ca060c23ee',1);
Insert into USERACCOUNT (USERID,FIRSTNAME,MIDDLENAME,LASTNAME,DOB,AGE,EMAIL,HOMETELL,WORKTELL,CELL,ADDRESSLINE,ROAD,CITY,SUBURB,COUNTRY,AREACODE,ACCOUNTPASSWORD,ENABLED) values (20124025,'Shanwill','Micheal','Slabbert',to_date('21/DEC/75','DD/MON/RR'),null,'ShanSlabbert@outlook.co.za','212582376','214455895','721649785','11 Malgas road','Malgas road','JHB',null,'ZA','3476','ee11cbb19052e40b07aac0ca060c23ee',1);
Insert into USERACCOUNT (USERID,FIRSTNAME,MIDDLENAME,LASTNAME,DOB,AGE,EMAIL,HOMETELL,WORKTELL,CELL,ADDRESSLINE,ROAD,CITY,SUBURB,COUNTRY,AREACODE,ACCOUNTPASSWORD,ENABLED) values (20124026,'Shaun','Richard','Peterson',to_date('27/FEB/79','DD/MON/RR'),null,'Peters133@uct.co.za','217754628','224113269','732659841','8 Sandown road','Sandown road','CPT',null,'ZA','3476','ee11cbb19052e40b07aac0ca060c23ee',1);
Insert into USERACCOUNT (USERID,FIRSTNAME,MIDDLENAME,LASTNAME,DOB,AGE,EMAIL,HOMETELL,WORKTELL,CELL,ADDRESSLINE,ROAD,CITY,SUBURB,COUNTRY,AREACODE,ACCOUNTPASSWORD,ENABLED) values (20124027,'Peter','Lance','Lee',to_date('07/OCT/92','DD/MON/RR'),null,'Peter@picSolutions.co.za','224113269','215431436','726598451','54 melkbos drive','melkbos drive','JHB',null,'ZA','3476','ee11cbb19052e40b07aac0ca060c23ee',1);
Insert into USERACCOUNT (USERID,FIRSTNAME,MIDDLENAME,LASTNAME,DOB,AGE,EMAIL,HOMETELL,WORKTELL,CELL,ADDRESSLINE,ROAD,CITY,SUBURB,COUNTRY,AREACODE,ACCOUNTPASSWORD,ENABLED) values (20124028,'Iljhaas','Peter','Khatib',to_date('14/JUL/90','DD/MON/RR'),null,'IlyaasK@mycput.ac.za','215431436','216222925','821548762','9 Villiers road','Villiers road','PE',null,'ZA','3476','ee11cbb19052e40b07aac0ca060c23ee',1);
Insert into USERACCOUNT (USERID,FIRSTNAME,MIDDLENAME,LASTNAME,DOB,AGE,EMAIL,HOMETELL,WORKTELL,CELL,ADDRESSLINE,ROAD,CITY,SUBURB,COUNTRY,AREACODE,ACCOUNTPASSWORD,ENABLED) values (20124029,'Riaan','Willem','Saunders',to_date('30/MAY/80','DD/MON/RR'),null,'riaan007@yahoo.com','216655394','215536298','832548761','61 Mars close','Mars close','JHB',null,'ZA','3476','ee11cbb19052e40b07aac0ca060c23ee',1);
Insert into USERACCOUNT (USERID,FIRSTNAME,MIDDLENAME,LASTNAME,DOB,AGE,EMAIL,HOMETELL,WORKTELL,CELL,ADDRESSLINE,ROAD,CITY,SUBURB,COUNTRY,AREACODE,ACCOUNTPASSWORD,ENABLED) values (20124030,'Shirley','Cecilia','Opperman',to_date('01/JAN/89','DD/MON/RR'),null,'oppie@Hotmail.com','212632758','215566493','725896541','16 Main road','Main road','CPT',null,'ZA','3476','ee11cbb19052e40b07aac0ca060c23ee',1);
Insert into ROLES (ROLEID,EMAIL,ROLENAME,USERID) values (1,'devon@yahoo.com','user',20124001);
Insert into ROLES (ROLEID,EMAIL,ROLENAME,USERID) values (2,'sandypowan@yahoo.com','user',20124002);
Insert into ROLES (ROLEID,EMAIL,ROLENAME,USERID) values (3,'thedon@yahoo.com','user',20124003);
Insert into ROLES (ROLEID,EMAIL,ROLENAME,USERID) values (4,'ashyboy@yahoo.com','user',20124004);
Insert into ROLES (ROLEID,EMAIL,ROLENAME,USERID) values (5,'gnamsong@yahoo.com','user',20124005);
Insert into ROLES (ROLEID,EMAIL,ROLENAME,USERID) values (6,'byronsouthgate@yahoo.com','user',20124006);
Insert into ROLES (ROLEID,EMAIL,ROLENAME,USERID) values (7,'cama@yahoo.com','user',20124007);
Insert into ROLES (ROLEID,EMAIL,ROLENAME,USERID) values (8,'jjjohnson@yahoo.com','user',20124008);
Insert into ROLES (ROLEID,EMAIL,ROLENAME,USERID) values (9,'gloriamarks127@yahoo.com','user',20124009);
Insert into ROLES (ROLEID,EMAIL,ROLENAME,USERID) values (10,'kirby419@yahoo.com','user',20124010);
Insert into ROLES (ROLEID,EMAIL,ROLENAME,USERID) values (11,'nicoledomingo@yahoo.com','user',20124011);
Insert into ROLES (ROLEID,EMAIL,ROLENAME,USERID) values (12,'jodyben@yahoo.com','user',20124012);
Insert into ROLES (ROLEID,EMAIL,ROLENAME,USERID) values (13,'tphelsinger@gmail.com','user',20124013);
Insert into ROLES (ROLEID,EMAIL,ROLENAME,USERID) values (14,'babybear@yahoo.com','user',20124014);
Insert into ROLES (ROLEID,EMAIL,ROLENAME,USERID) values (15,'kurtapples@yahoo.com','user',20124015);
Insert into ROLES (ROLEID,EMAIL,ROLENAME,USERID) values (16,'dpeterson133@gmail.com','user',20124016);
Insert into ROLES (ROLEID,EMAIL,ROLENAME,USERID) values (17,'M.Skippers@gmail.com','user',20124017);
Insert into ROLES (ROLEID,EMAIL,ROLENAME,USERID) values (18,'JJ@yahoo.com','user',20124018);
Insert into ROLES (ROLEID,EMAIL,ROLENAME,USERID) values (19,'Weazelbee@Tiscali.co.za','user',20124019);
Insert into ROLES (ROLEID,EMAIL,ROLENAME,USERID) values (20,'Kristaldt@yahoo.com','user',20124020);
Insert into ROLES (ROLEID,EMAIL,ROLENAME,USERID) values (21,'Shans@hotmail.com','user',20124021);
Insert into ROLES (ROLEID,EMAIL,ROLENAME,USERID) values (22,'Saitkin@mweb.co.za','user',20124022);
Insert into ROLES (ROLEID,EMAIL,ROLENAME,USERID) values (23,'Ziddy@yahoo.com','user',20124023);
Insert into ROLES (ROLEID,EMAIL,ROLENAME,USERID) values (24,'Gman@gmail.com','user',20124024);
Insert into ROLES (ROLEID,EMAIL,ROLENAME,USERID) values (25,'ShanSlabbert@outlook.co.za','user',20124025);
Insert into ROLES (ROLEID,EMAIL,ROLENAME,USERID) values (26,'Peters133@uct.co.za','user',20124026);
Insert into ROLES (ROLEID,EMAIL,ROLENAME,USERID) values (27,'Peter@picSolutions.co.za','user',20124027);
Insert into ROLES (ROLEID,EMAIL,ROLENAME,USERID) values (28,'IlyaasK@mycput.ac.za','user',20124028);
Insert into ROLES (ROLEID,EMAIL,ROLENAME,USERID) values (29,'riaan007@yahoo.com','user',20124029);
Insert into ROLES (ROLEID,EMAIL,ROLENAME,USERID) values (30,'oppie@Hotmail.com','user',20124030);
Insert into GARAGE (GARAGEID,USERID,GARAGETYPE,OPENDATE,CLOSEDATE) values (1,20124001,'SMALL',to_date('22/OCT/12','DD/MON/RR'),to_date('22/NOV/12','DD/MON/RR'));
Insert into GARAGE (GARAGEID,USERID,GARAGETYPE,OPENDATE,CLOSEDATE) values (2,20124002,'SMALL',to_date('29/OCT/12','DD/MON/RR'),to_date('29/NOV/12','DD/MON/RR'));
Insert into GARAGE (GARAGEID,USERID,GARAGETYPE,OPENDATE,CLOSEDATE) values (3,20124003,'SMALL',to_date('01/NOV/12','DD/MON/RR'),to_date('01/DEC/12','DD/MON/RR'));
Insert into GARAGE (GARAGEID,USERID,GARAGETYPE,OPENDATE,CLOSEDATE) values (4,20124004,'SMALL',to_date('15/JUN/12','DD/MON/RR'),to_date('15/JUL/12','DD/MON/RR'));
Insert into GARAGE (GARAGEID,USERID,GARAGETYPE,OPENDATE,CLOSEDATE) values (5,20124005,'SMALL',to_date('29/MAY/12','DD/MON/RR'),to_date('29/JUN/12','DD/MON/RR'));
Insert into GARAGE (GARAGEID,USERID,GARAGETYPE,OPENDATE,CLOSEDATE) values (6,20124006,'SMALL',to_date('09/OCT/12','DD/MON/RR'),to_date('09/NOV/12','DD/MON/RR'));
Insert into GARAGE (GARAGEID,USERID,GARAGETYPE,OPENDATE,CLOSEDATE) values (7,20124007,'SMALL',to_date('16/MAR/12','DD/MON/RR'),to_date('16/APR/12','DD/MON/RR'));
Insert into GARAGE (GARAGEID,USERID,GARAGETYPE,OPENDATE,CLOSEDATE) values (8,20124008,'SMALL',to_date('19/JUN/12','DD/MON/RR'),to_date('19/JUL/12','DD/MON/RR'));
Insert into GARAGE (GARAGEID,USERID,GARAGETYPE,OPENDATE,CLOSEDATE) values (9,20124009,'SMALL',to_date('20/OCT/12','DD/MON/RR'),to_date('20/NOV/12','DD/MON/RR'));
Insert into GARAGE (GARAGEID,USERID,GARAGETYPE,OPENDATE,CLOSEDATE) values (10,20124010,'SMALL',to_date('25/JAN/12','DD/MON/RR'),to_date('25/FEB/12','DD/MON/RR'));
Insert into GARAGE (GARAGEID,USERID,GARAGETYPE,OPENDATE,CLOSEDATE) values (11,20124011,'SMALL',to_date('27/NOV/12','DD/MON/RR'),to_date('27/DEC/12','DD/MON/RR'));
Insert into GARAGE (GARAGEID,USERID,GARAGETYPE,OPENDATE,CLOSEDATE) values (12,20124012,'SMALL',to_date('11/MAR/12','DD/MON/RR'),to_date('11/APR/12','DD/MON/RR'));
Insert into GARAGE (GARAGEID,USERID,GARAGETYPE,OPENDATE,CLOSEDATE) values (13,20124013,'SMALL',to_date('05/MAY/12','DD/MON/RR'),to_date('05/JUN/12','DD/MON/RR'));
Insert into GARAGE (GARAGEID,USERID,GARAGETYPE,OPENDATE,CLOSEDATE) values (14,20124014,'SMALL',to_date('23/OCT/12','DD/MON/RR'),to_date('23/NOV/12','DD/MON/RR'));
Insert into GARAGE (GARAGEID,USERID,GARAGETYPE,OPENDATE,CLOSEDATE) values (15,20124015,'SMALL',to_date('24/NOV/12','DD/MON/RR'),to_date('24/DEC/12','DD/MON/RR'));
Insert into GARAGE (GARAGEID,USERID,GARAGETYPE,OPENDATE,CLOSEDATE) values (16,20124016,'SMALL',to_date('22/DEC/12','DD/MON/RR'),to_date('22/JAN/13','DD/MON/RR'));
Insert into GARAGE (GARAGEID,USERID,GARAGETYPE,OPENDATE,CLOSEDATE) values (17,20124017,'SMALL',to_date('10/JAN/13','DD/MON/RR'),to_date('10/FEB/13','DD/MON/RR'));
Insert into GARAGE (GARAGEID,USERID,GARAGETYPE,OPENDATE,CLOSEDATE) values (18,20124018,'SMALL',to_date('05/SEP/12','DD/MON/RR'),to_date('05/OCT/12','DD/MON/RR'));
Insert into GARAGE (GARAGEID,USERID,GARAGETYPE,OPENDATE,CLOSEDATE) values (19,20124019,'SMALL',to_date('18/SEP/12','DD/MON/RR'),to_date('18/OCT/12','DD/MON/RR'));
Insert into GARAGE (GARAGEID,USERID,GARAGETYPE,OPENDATE,CLOSEDATE) values (20,20124020,'SMALL',to_date('12/JAN/13','DD/MON/RR'),to_date('12/FEB/13','DD/MON/RR'));
Insert into GARAGE (GARAGEID,USERID,GARAGETYPE,OPENDATE,CLOSEDATE) values (21,20124021,'SMALL',to_date('02/DEC/12','DD/MON/RR'),to_date('02/JAN/13','DD/MON/RR'));
Insert into GARAGE (GARAGEID,USERID,GARAGETYPE,OPENDATE,CLOSEDATE) values (22,20124022,'SMALL',to_date('25/NOV/12','DD/MON/RR'),to_date('25/DEC/12','DD/MON/RR'));
Insert into GARAGE (GARAGEID,USERID,GARAGETYPE,OPENDATE,CLOSEDATE) values (23,20124023,'SMALL',to_date('16/NOV/12','DD/MON/RR'),to_date('16/DEC/12','DD/MON/RR'));
Insert into GARAGE (GARAGEID,USERID,GARAGETYPE,OPENDATE,CLOSEDATE) values (24,20124024,'SMALL',to_date('21/OCT/12','DD/MON/RR'),to_date('21/NOV/12','DD/MON/RR'));
Insert into GARAGE (GARAGEID,USERID,GARAGETYPE,OPENDATE,CLOSEDATE) values (25,20124025,'SMALL',to_date('23/NOV/12','DD/MON/RR'),to_date('23/DEC/12','DD/MON/RR'));
Insert into GARAGE (GARAGEID,USERID,GARAGETYPE,OPENDATE,CLOSEDATE) values (26,20124026,'SMALL',to_date('09/DEC/12','DD/MON/RR'),to_date('09/JAN/13','DD/MON/RR'));
Insert into GARAGE (GARAGEID,USERID,GARAGETYPE,OPENDATE,CLOSEDATE) values (27,20124027,'SMALL',to_date('04/NOV/12','DD/MON/RR'),to_date('04/DEC/12','DD/MON/RR'));
Insert into GARAGE (GARAGEID,USERID,GARAGETYPE,OPENDATE,CLOSEDATE) values (28,20124028,'SMALL',to_date('27/DEC/12','DD/MON/RR'),to_date('27/JAN/13','DD/MON/RR'));
Insert into GARAGE (GARAGEID,USERID,GARAGETYPE,OPENDATE,CLOSEDATE) values (29,20124029,'SMALL',to_date('20/OCT/12','DD/MON/RR'),to_date('20/NOV/12','DD/MON/RR'));
Insert into GARAGE (GARAGEID,USERID,GARAGETYPE,OPENDATE,CLOSEDATE) values (30,20124030,'SMALL',to_date('10/SEP/12','DD/MON/RR'),to_date('10/OCT/12','DD/MON/RR'));
Insert into SALESHISTORY (USERID,TOTALSALES,TOTALSALESCOUNT) values (20124001,0,0);
Insert into SALESHISTORY (USERID,TOTALSALES,TOTALSALESCOUNT) values (20124002,60,1);
Insert into SALESHISTORY (USERID,TOTALSALES,TOTALSALESCOUNT) values (20124003,0,0);
Insert into SALESHISTORY (USERID,TOTALSALES,TOTALSALESCOUNT) values (20124004,0,0);
Insert into SALESHISTORY (USERID,TOTALSALES,TOTALSALESCOUNT) values (20124005,90,1);
Insert into SALESHISTORY (USERID,TOTALSALES,TOTALSALESCOUNT) values (20124006,0,0);
Insert into SALESHISTORY (USERID,TOTALSALES,TOTALSALESCOUNT) values (20124007,0,0);
Insert into SALESHISTORY (USERID,TOTALSALES,TOTALSALESCOUNT) values (20124008,0,0);
Insert into SALESHISTORY (USERID,TOTALSALES,TOTALSALESCOUNT) values (20124009,0,0);
Insert into SALESHISTORY (USERID,TOTALSALES,TOTALSALESCOUNT) values (20124010,0,0);
Insert into SALESHISTORY (USERID,TOTALSALES,TOTALSALESCOUNT) values (20124011,0,0);
Insert into SALESHISTORY (USERID,TOTALSALES,TOTALSALESCOUNT) values (20124012,400,1);
Insert into SALESHISTORY (USERID,TOTALSALES,TOTALSALESCOUNT) values (20124013,0,0);
Insert into SALESHISTORY (USERID,TOTALSALES,TOTALSALESCOUNT) values (20124014,0,0);
Insert into SALESHISTORY (USERID,TOTALSALES,TOTALSALESCOUNT) values (20124015,0,0);
Insert into SALESHISTORY (USERID,TOTALSALES,TOTALSALESCOUNT) values (20124016,0,0);
Insert into SALESHISTORY (USERID,TOTALSALES,TOTALSALESCOUNT) values (20124017,0,0);
Insert into SALESHISTORY (USERID,TOTALSALES,TOTALSALESCOUNT) values (20124018,0,0);
Insert into SALESHISTORY (USERID,TOTALSALES,TOTALSALESCOUNT) values (20124019,0,0);
Insert into SALESHISTORY (USERID,TOTALSALES,TOTALSALESCOUNT) values (20124020,0,0);
Insert into SALESHISTORY (USERID,TOTALSALES,TOTALSALESCOUNT) values (20124021,0,0);
Insert into SALESHISTORY (USERID,TOTALSALES,TOTALSALESCOUNT) values (20124022,0,0);
Insert into SALESHISTORY (USERID,TOTALSALES,TOTALSALESCOUNT) values (20124023,0,0);
Insert into SALESHISTORY (USERID,TOTALSALES,TOTALSALESCOUNT) values (20124024,0,0);
Insert into SALESHISTORY (USERID,TOTALSALES,TOTALSALESCOUNT) values (20124025,0,0);
Insert into SALESHISTORY (USERID,TOTALSALES,TOTALSALESCOUNT) values (20124026,0,0);
Insert into SALESHISTORY (USERID,TOTALSALES,TOTALSALESCOUNT) values (20124027,0,0);
Insert into SALESHISTORY (USERID,TOTALSALES,TOTALSALESCOUNT) values (20124028,0,0);
Insert into SALESHISTORY (USERID,TOTALSALES,TOTALSALESCOUNT) values (20124029,0,0);
Insert into SALESHISTORY (USERID,TOTALSALES,TOTALSALESCOUNT) values (20124030,0,0);
Insert into CATEGORY (CATEGORYID,CATEGORYTYPE) values (1,'Electronic');
Insert into CATEGORY (CATEGORYID,CATEGORYTYPE) values (2,'Sport');
Insert into CATEGORY (CATEGORYID,CATEGORYTYPE) values (3,'House and Home');
Insert into CATEGORY (CATEGORYID,CATEGORYTYPE) values (4,'Travel');
Insert into CATEGORY (CATEGORYID,CATEGORYTYPE) values (5,'Entertainment');
Insert into CATEGORY (CATEGORYID,CATEGORYTYPE) values (6,'Games');
Insert into CATEGORY (CATEGORYID,CATEGORYTYPE) values (7,'Other');
Insert into PRODUCT (PRODID,PRODCONDITION,PRODDESC,PRODPRICE,PRODSTATUS,GARAGEID,CATEGORYID) values (1,'GOOD','Black cricket bat',24.6,'0',1,1);
Insert into PRODUCT (PRODID,PRODCONDITION,PRODDESC,PRODPRICE,PRODSTATUS,GARAGEID,CATEGORYID) values (2,'New','Green Bed Lamp',56.7,'1',2,3);
Insert into PRODUCT (PRODID,PRODCONDITION,PRODDESC,PRODPRICE,PRODSTATUS,GARAGEID,CATEGORYID) values (3,'Poor','Bed Wood Headboard',500,'0',3,3);
Insert into PRODUCT (PRODID,PRODCONDITION,PRODDESC,PRODPRICE,PRODSTATUS,GARAGEID,CATEGORYID) values (4,'GOOD','Ipad 1',950.5,'0',4,1);
Insert into PRODUCT (PRODID,PRODCONDITION,PRODDESC,PRODPRICE,PRODSTATUS,GARAGEID,CATEGORYID) values (5,'New','Braai Set',85.5,'1',5,3);
Insert into PRODUCT (PRODID,PRODCONDITION,PRODDESC,PRODPRICE,PRODSTATUS,GARAGEID,CATEGORYID) values (6,'Average','Soccer Ball(Nike)',60.7,'0',6,2);
Insert into PRODUCT (PRODID,PRODCONDITION,PRODDESC,PRODPRICE,PRODSTATUS,GARAGEID,CATEGORYID) values (7,'GOOD','Blackberry 9900',3500,'0',7,1);
Insert into PRODUCT (PRODID,PRODCONDITION,PRODDESC,PRODPRICE,PRODSTATUS,GARAGEID,CATEGORYID) values (8,'GOOD','Iron baseball bat',56.2,'0',8,2);
Insert into PRODUCT (PRODID,PRODCONDITION,PRODDESC,PRODPRICE,PRODSTATUS,GARAGEID,CATEGORYID) values (9,'Poor','Scooter Helmet',40.5,'0',9,4);
Insert into PRODUCT (PRODID,PRODCONDITION,PRODDESC,PRODPRICE,PRODSTATUS,GARAGEID,CATEGORYID) values (10,'Average','Acoustic Guitar',100,'0',10,5);
Insert into PRODUCT (PRODID,PRODCONDITION,PRODDESC,PRODPRICE,PRODSTATUS,GARAGEID,CATEGORYID) values (11,'GOOD','Books(Assorted)',156.27,'0',11,5);
Insert into PRODUCT (PRODID,PRODCONDITION,PRODDESC,PRODPRICE,PRODSTATUS,GARAGEID,CATEGORYID) values (12,'New','Baby Cott',350.89,'1',12,3);
Insert into PRODUCT (PRODID,PRODCONDITION,PRODDESC,PRODPRICE,PRODSTATUS,GARAGEID,CATEGORYID) values (13,'GOOD','Washing Machine(Samsung)',800.56,'0',13,3);
Insert into PRODUCT (PRODID,PRODCONDITION,PRODDESC,PRODPRICE,PRODSTATUS,GARAGEID,CATEGORYID) values (14,'New','Wooden Dog House',470.89,'0',14,3);
Insert into PRODUCT (PRODID,PRODCONDITION,PRODDESC,PRODPRICE,PRODSTATUS,GARAGEID,CATEGORYID) values (15,'GOOD','Board Games(Assorted)',35.65,'0',15,6);
Insert into PRODUCT (PRODID,PRODCONDITION,PRODDESC,PRODPRICE,PRODSTATUS,GARAGEID,CATEGORYID) values (16,'GOOD','cricket bat',24.6,'0',16,6);
Insert into PRODUCT (PRODID,PRODCONDITION,PRODDESC,PRODPRICE,PRODSTATUS,GARAGEID,CATEGORYID) values (17,'Average','White bedside lamp',150,'0',17,3);
Insert into PRODUCT (PRODID,PRODCONDITION,PRODDESC,PRODPRICE,PRODSTATUS,GARAGEID,CATEGORYID) values (18,'GOOD','X-box 360',3000,'0',18,6);
Insert into PRODUCT (PRODID,PRODCONDITION,PRODDESC,PRODPRICE,PRODSTATUS,GARAGEID,CATEGORYID) values (19,'New','DELL Laptop',2999,'0',19,1);
Insert into PRODUCT (PRODID,PRODCONDITION,PRODDESC,PRODPRICE,PRODSTATUS,GARAGEID,CATEGORYID) values (20,'Average','Blackberry 8250',1200,'0',20,1);
Insert into PRODUCT (PRODID,PRODCONDITION,PRODDESC,PRODPRICE,PRODSTATUS,GARAGEID,CATEGORYID) values (21,'GOOD','Raedon G250 Graphics card',1500,'0',21,1);
Insert into PRODUCT (PRODID,PRODCONDITION,PRODDESC,PRODPRICE,PRODSTATUS,GARAGEID,CATEGORYID) values (22,'New','Office chair',2000,'0',22,3);
Insert into PRODUCT (PRODID,PRODCONDITION,PRODDESC,PRODPRICE,PRODSTATUS,GARAGEID,CATEGORYID) values (23,'GOOD','Gold mk1',20000,'0',23,7);
Insert into PRODUCT (PRODID,PRODCONDITION,PRODDESC,PRODPRICE,PRODSTATUS,GARAGEID,CATEGORYID) values (24,'Average','Suzuki RGT 125',17000,'0',24,4);
Insert into PRODUCT (PRODID,PRODCONDITION,PRODDESC,PRODPRICE,PRODSTATUS,GARAGEID,CATEGORYID) values (25,'GOOD','Picnic desk',3000,'0',25,3);
Insert into PRODUCT (PRODID,PRODCONDITION,PRODDESC,PRODPRICE,PRODSTATUS,GARAGEID,CATEGORYID) values (26,'New','Sleeper couch',1300,'0',26,3);
Insert into PRODUCT (PRODID,PRODCONDITION,PRODDESC,PRODPRICE,PRODSTATUS,GARAGEID,CATEGORYID) values (27,'Average','1500W Hi-fi',900,'0',27,1);
Insert into PRODUCT (PRODID,PRODCONDITION,PRODDESC,PRODPRICE,PRODSTATUS,GARAGEID,CATEGORYID) values (28,'GOOD','Travel bag',500,'0',28,4);
Insert into PRODUCT (PRODID,PRODCONDITION,PRODDESC,PRODPRICE,PRODSTATUS,GARAGEID,CATEGORYID) values (29,'Average','Raleigh bicycle',1400,'0',29,4);
Insert into PRODUCT (PRODID,PRODCONDITION,PRODDESC,PRODPRICE,PRODSTATUS,GARAGEID,CATEGORYID) values (30,'GOOD','Physics text book',150,'0',30,7);
Insert into BID (BIDID,BIDAMOUNT,BIDSTATUS,USERID,PRODID) values (1,50,'0',20124003,2);
Insert into BID (BIDID,BIDAMOUNT,BIDSTATUS,USERID,PRODID) values (2,56,'0',20124005,2);
Insert into BID (BIDID,BIDAMOUNT,BIDSTATUS,USERID,PRODID) values (3,60,'1',20124008,2);
Insert into BID (BIDID,BIDAMOUNT,BIDSTATUS,USERID,PRODID) values (4,80,'0',20124013,5);
Insert into BID (BIDID,BIDAMOUNT,BIDSTATUS,USERID,PRODID) values (5,85,'0',20124023,5);
Insert into BID (BIDID,BIDAMOUNT,BIDSTATUS,USERID,PRODID) values (6,90,'1',20124001,5);
Insert into BID (BIDID,BIDAMOUNT,BIDSTATUS,USERID,PRODID) values (7,300,'0',20124013,12);
Insert into BID (BIDID,BIDAMOUNT,BIDSTATUS,USERID,PRODID) values (8,340,'0',20124007,12);
Insert into BID (BIDID,BIDAMOUNT,BIDSTATUS,USERID,PRODID) values (9,400,'1',20124009,12);
Insert into BID (BIDID,BIDAMOUNT,BIDSTATUS,USERID,PRODID) values (10,24,'2',20124025,16);
Insert into BID (BIDID,BIDAMOUNT,BIDSTATUS,USERID,PRODID) values (11,30,'2',20124023,16);
Insert into BID (BIDID,BIDAMOUNT,BIDSTATUS,USERID,PRODID) values (12,35,'2',20124011,16);
Insert into BID (BIDID,BIDAMOUNT,BIDSTATUS,USERID,PRODID) values (13,40,'2',20124011,16);
Insert into BID (BIDID,BIDAMOUNT,BIDSTATUS,USERID,PRODID) values (14,1000,'2',20124009,20);
Insert into BID (BIDID,BIDAMOUNT,BIDSTATUS,USERID,PRODID) values (15,1100,'2',20124009,20);
Insert into BID (BIDID,BIDAMOUNT,BIDSTATUS,USERID,PRODID) values (16,1120,'2',20124010,20);
Insert into BID (BIDID,BIDAMOUNT,BIDSTATUS,USERID,PRODID) values (17,1200,'2',20124011,20);
Insert into BID (BIDID,BIDAMOUNT,BIDSTATUS,USERID,PRODID) values (18,1000,'2',20124026,25);
Insert into BID (BIDID,BIDAMOUNT,BIDSTATUS,USERID,PRODID) values (19,2000,'2',20124027,25);
Insert into BID (BIDID,BIDAMOUNT,BIDSTATUS,USERID,PRODID) values (20,3300,'2',20124030,25);
Insert into PRODUCTSALES (PRODID,PRODCONDITION,PRODDESC,PRODPRICE,USERID,BIDDERID) values (2,'New','Green Bed Lamp',60,20124002,20124008);
Insert into PRODUCTSALES (PRODID,PRODCONDITION,PRODDESC,PRODPRICE,USERID,BIDDERID) values (5,'New','Braai Set',90,20124005,20124001);
Insert into PRODUCTSALES (PRODID,PRODCONDITION,PRODDESC,PRODPRICE,USERID,BIDDERID) values (12,'New','Baby Cott',400,20124012,20124009);